Afritt,Barack,1,1A
Auboisdormant,Abel,1,1A
Balmaské,Alonzo,1,1A
Bou,Alban,1,1A
Bu,Amédé,1,1A
Capé,Andy,1,1A
Céouver,André,1,1A
Danlmur,Alphonse,1,1A
Don,Eddy,1,1A
Éha,Aline,1,1A
Épahintéréssé,Gael,1,1A
Épan,Ahmed ,1,1A
Gator,Ali,1,1A
Haba,Bart,1,1A
Hannibal,Farid,1,1A
Kepoura,Adrienne ,1,1A 
Lazare,Garcin,1,1A
Naline,André,1,1A
Onette,Camille,1,1A
Provist,Alain,1,1A
Térieur,Alex,1,1B
Tomie,Anna,1,1B
Troijours,Adam,1,1B
Verse,Alain,1,1B
Zole,Camille,1,1B
Delune,Claire,1,1B
Ade,Jérémy,1,1B
Age,Marie,1,1B
Agère,Tex,1,1B
Akepourlui,Yann,1,1B
Alamaternité,Inès,1,1B
Alapatte,Phil,1,1B
Alatête,Djamal,1,1B
Alors,Berthe,1,1B
Amo,Nadine,1,1B
Annamour,Fidèle,1,1B
Atéfesse,Edgard,1,1B
Ateur,Nordine,1,1B
Bambel,Larry,1,1B
Bambois,Jean,1,1B
Bar,Jo,2,2A
Bien,Samira,2,2A
Bienhu,Ella ,2,2A
Bonnaud,Jean,2,2A
Boréale,Aurore,2,2A
Cékilépamor,Sylvie,2,2A
Célert,Jacques ,2,2A
Cépacaré,Cicéron,2,2A
Ché,Scott,2,2A
Chezmoi,Vivien,2,2A
Chmonfils,Thierry,2,2A
Chtron,Paul,2,2A
Cochet,Henri,2,2A
Codesecret,Philémon,2,2A
Commandements,Lydie,2,2A
Connerie,Arétha,2,2A
Cover,Harry,2,2A
Croche,Sarah,2,2A
Cruxiforme,Elvis,2,2A
Dalors,Omer,2,2A
Danloss,Ella ,2,2B
Danstépensé,Julie,2,2B
Declasse,Emmanuelle,2,2B
Dehors,Igor,2,2B
Dejeu,Bernadette,2,2B
Delégum,Julienne,2,2B
Deray,Odile,2,2B
Desmuguets,Ivan,2,2B
Desrata,Daisy,2,2B
Dicule,Terry,2,2B
Diote,Kelly,2,2B
Dit,Léon,2,2B
Ditée,Lucie,2,2B
Dort,Louis,2,2B
Dubois,Yvan,2,2B
Dustriel,Firmin,2,2B
Ebon,Sylvain,2,2B
Édubois,Laure ,2,2B
Égérie,Tom,2,2B
Emmaus,Mick,2,2B
Enbavé,Yvon,3,3A
Enperte,Mélusine,3,3A
Épéril,Astérix,3,3A
Erateur,Maude,3,3A
Ère,Axel,3,3A
Évitable,Line,3,3A
Fasol,Rémy,3,3A
Fébienléchose,Lazare,3,3A
Ferrance,Sandy,3,3A
Fiant,Lenny,3,3A
Fils,Edmond,3,3A
Frigo,Roméo,3,3A
Geley,Ima,3,3A
Gina,Laurent,3,3A
Glace,Brice,3,3A
Glier,Hassan,3,3A
Golade,Larry,3,3A
Gole,Henri,3,3A
Golo,Thierry,3,3A
Graf,Otto,3,3A
Gratte,Sam,3,3B
Hagine,Tim,3,3B
Hanien,Rod,3,3B
Hawack,Tom,3,3B
Hémique,Paul,3,3B
Hencor,Henri,3,3B
Hénett,Claire,3,3B
Hépipioli,Jeff,3,3B
Héron,Yves,3,3B
Hésotte,Eric,3,3B
Hibulaire,Pat,3,3B
Hic,Hyppolite,3,3B
Hique,Cyril,3,3B
Ho,Bob,3,3B
Hochet,Eric,3,3B
Horouge,Elvire,3,3B
Houtan,Laurent,3,3B
Hule,Jules,3,3B
Hutte,Sacha,3,3B
Hyère,Claire,3,3B
Hymôme,Max,4,4A
Hytté,Prosper,4,4A
Iléosud,Éléonore,4,4A
Itmieu,Elmer,4,4A
Javel,Aude,4,4A
Kaderate,Yamamoto,4,4A
Kan,Jerry,4,4A
Kelpeuv,Aphonse,4,4A
Kiki,Terry,4,4A
Kilo,Sandy,4,4A
Kiroul,Pierre,4,4A
Kuéleslieux,Éva,4,4A
Lacour,Martial,4,4A
Lapêche,Ella ,4,4A
Lapoubelle,Ovide,4,4A
Ledivinenfant,Irénée,4,4A
Louest,Théa,4,4A
Lutfinale,Sheila,4,4A
Mâle,Annie,4,4A
Manvussa,Gérard,4,4A
Masse,Lara,4,4B
Mendufric,Gérard,4,4B
Micoton,Milène,4,4B
Monlatin,Gilbert,4,4B
Mou,Karl Amel,4,4B
Nainportekoi,Teddy,4,4B
Némard,Jean,4,4B
Nicouverture,Sandra,4,4B
Ochon,Paul,4,4B
Orial,Édith,4,4B
Ottension,Line,4,4B
Ottofraize,Charles,4,4B
Ouzi,Jacques ,4,4B
Pacesoir,Zinedine,4,4B
Parbal,Gilles,4,4B
Parleurnom,Isabelle,4,4B
Parminou,Bienvenue,4,4B
Pelle,Sarah,4,4B
Pique,Sam,4,4B
Ponce,Pierre ,4,4B
Ponse,Ray,5,5A
Porte,Matéo,5,5A
Prochain,Edmond,5,5A
Ptipeu,Justin,5,5A
Raton,Candy,5,5A
Rave,Beth,5,5A
Registre,Jean,5,5A
Regret,Pat,5,5A
Réloin,Pat,5,5A
Rien,Jenifer,5,5A
Sagescolaire,Rhama ,5,5A
Sahalor,Aubin,5,5A
Saintmichel,Edmond,5,5A
Sens,Renée,5,5A
Stérole,Colette,5,5A
Talo,Armand,5,5A
Tar,Guy,5,5A
Tatouille,Lara,5,5A
Técenfote,Dick,5,5A
Temmen,Parfait,5,5A
Tiblanche,Laure ,5,5B
Tim,Marie,5,5B
Tine,Clément,5,5B
Touille,Sacha,5,5B
Toullemonde,Pacôme,5,5B
Trahuile,Phil,5,5B
Tremblay,Yvon,5,5B
Tu,Candy,5,5B
Use ,Jacques ,5,5B
Ution,Paul,5,5B
Vapartout,Yves,5,5B
Versaire,Annie,5,5B
Vesselle,Aude,5,5B
Veuplu,John ,5,5B
Vienplus,Rony,5,5B
Vière,Marie,5,5B
Vigote,Sarah,5,5B
Voirrémerci,Laure ,5,5B
Yiotine,Guy,5,5B
Za,Pit,5,5B